{"cameraMode":{"drawMode":0,"name":"Shaded","section":"Shading Mode"},"sceneLighting":true,"audioPlay":false,"sceneViewState":{"showFog":false,"showMaterialUpdate":false,"showSkybox":false,"showFlares":false,"showImageEffects":false,"showParticleSystems":false},"in2DMode":false,"pivot":{"x":517.9202880859375,"y":206.33396911621095,"z":0.0},"rotation":{"x":0.037800971418619159,"y":-0.001503583276644349,"z":0.00005696542939404026,"w":0.9992849230766296},"size":480.2914733886719,"orthographic":false}