{"cameraMode":{"drawMode":0,"name":"Shaded","section":"Shading Mode"},"sceneLighting":true,"audioPlay":false,"sceneViewState":{"showFog":false,"showMaterialUpdate":false,"showSkybox":false,"showFlares":false,"showImageEffects":false,"showParticleSystems":false},"in2DMode":false,"pivot":{"x":497.7801513671875,"y":128.56329345703126,"z":7.9527587890625},"rotation":{"x":0.08069337159395218,"y":0.11337298154830933,"z":-0.009238630533218384,"w":0.9902283549308777},"size":515.7528076171875,"orthographic":false}