{"cameraMode":{"drawMode":0,"name":"Shaded","section":"Shading Mode"},"sceneLighting":true,"audioPlay":false,"sceneViewState":{"showFog":false,"showMaterialUpdate":false,"showSkybox":false,"showFlares":false,"showImageEffects":false,"showParticleSystems":false},"in2DMode":false,"pivot":{"x":1.8220243453979493,"y":0.7375742197036743,"z":1.459726333618164},"rotation":{"x":0.13871429860591889,"y":0.2610921263694763,"z":-0.03794205188751221,"w":0.9545415639877319},"size":5.16665506362915,"orthographic":false}