{"cameraMode":{"drawMode":0,"name":"Shaded","section":"Shading Mode"},"sceneLighting":true,"audioPlay":false,"sceneViewState":{"showFog":false,"showMaterialUpdate":false,"showSkybox":false,"showFlares":false,"showImageEffects":false,"showParticleSystems":false},"in2DMode":false,"pivot":{"x":113.53485107421875,"y":151.5115966796875,"z":-17.00604248046875},"rotation":{"x":0.2218363881111145,"y":0.030704891309142114,"z":-0.00698917405679822,"w":0.974575936794281},"size":723.7310180664063,"orthographic":false}