{"cameraMode":{"drawMode":0,"name":"Shaded","section":"Shading Mode"},"sceneLighting":true,"audioPlay":false,"sceneViewState":{"showFog":true,"showMaterialUpdate":false,"showSkybox":true,"showFlares":true,"showImageEffects":true,"showParticleSystems":true},"in2DMode":false,"pivot":{"x":-0.06479397416114807,"y":-0.10972669720649719,"z":0.15224310755729676},"rotation":{"x":0.3848876953125,"y":-0.1509544849395752,"z":0.06396215409040451,"w":0.9082930088043213},"size":0.6142116785049439,"orthographic":false}