{"cameraMode":{"drawMode":0,"name":"Shaded","section":"Shading Mode"},"sceneLighting":true,"audioPlay":false,"sceneViewState":{"showFog":false,"showMaterialUpdate":false,"showSkybox":false,"showFlares":false,"showImageEffects":false,"showParticleSystems":false},"in2DMode":false,"pivot":{"x":340.2826843261719,"y":192.02850341796876,"z":55.185455322265628},"rotation":{"x":0.08069337159395218,"y":0.11337298154830933,"z":-0.009238630533218384,"w":0.9902283549308777},"size":576.7493286132813,"orthographic":false}