{"cameraMode":{"drawMode":0,"name":"Shaded","section":"Shading Mode"},"sceneLighting":true,"audioPlay":false,"sceneViewState":{"showFog":false,"showMaterialUpdate":false,"showSkybox":false,"showFlares":false,"showImageEffects":false,"showParticleSystems":false},"in2DMode":false,"pivot":{"x":210.20025634765626,"y":118.80281066894531,"z":-58.117210388183597},"rotation":{"x":0.12426239997148514,"y":0.05949307233095169,"z":-0.0074641951359808449,"w":0.990436315536499},"size":33.20046615600586,"orthographic":false}