{"cameraMode":{"drawMode":0,"name":"Shaded","section":"Shading Mode"},"sceneLighting":true,"audioPlay":false,"sceneViewState":{"showFog":false,"showMaterialUpdate":false,"showSkybox":false,"showFlares":false,"showImageEffects":false,"showParticleSystems":false},"in2DMode":false,"pivot":{"x":37.9171257019043,"y":1.474907398223877,"z":-101.5796890258789},"rotation":{"x":0.19189289212226869,"y":0.5745638608932495,"z":-0.1407942771911621,"w":0.7830910682678223},"size":184.364013671875,"orthographic":false}