{"cameraMode":{"drawMode":0,"name":"Shaded","section":"Shading Mode"},"sceneLighting":true,"audioPlay":false,"sceneViewState":{"showFog":true,"showMaterialUpdate":false,"showSkybox":true,"showFlares":true,"showImageEffects":true,"showParticleSystems":true},"in2DMode":false,"pivot":{"x":513.9459228515625,"y":1588.76416015625,"z":620.0867309570313},"rotation":{"x":0.173113614320755,"y":-0.010340886190533638,"z":0.0018178272293880582,"w":0.9848460555076599},"size":2632.756591796875,"orthographic":true}