{"cameraMode":{"drawMode":0,"name":"Shaded","section":"Shading Mode"},"sceneLighting":true,"audioPlay":false,"sceneViewState":{"showFog":false,"showMaterialUpdate":false,"showSkybox":false,"showFlares":false,"showImageEffects":false,"showParticleSystems":false},"in2DMode":false,"pivot":{"x":417.73291015625,"y":153.1072540283203,"z":-0.013671875},"rotation":{"x":0.04825450852513313,"y":-0.038949303328990939,"z":0.001883193152025342,"w":0.9980744123458862},"size":397.76904296875,"orthographic":false}