{"cameraMode":{"drawMode":0,"name":"Shaded","section":"Shading Mode"},"sceneLighting":true,"audioPlay":false,"sceneViewState":{"showFog":false,"showMaterialUpdate":false,"showSkybox":false,"showFlares":false,"showImageEffects":false,"showParticleSystems":false},"in2DMode":false,"pivot":{"x":143.77590942382813,"y":111.16383361816406,"z":-303.70623779296877},"rotation":{"x":0.031704407185316089,"y":-0.07938078045845032,"z":0.0025258553214371206,"w":0.9963380694389343},"size":0.44289422035217287,"orthographic":false}