{"cameraMode":{"drawMode":0,"name":"Shaded","section":"Shading Mode"},"sceneLighting":true,"audioPlay":false,"sceneViewState":{"showFog":true,"showMaterialUpdate":false,"showSkybox":true,"showFlares":true,"showImageEffects":true,"showParticleSystems":true},"in2DMode":false,"pivot":{"x":311.8192138671875,"y":184.54493713378907,"z":82.76214599609375},"rotation":{"x":0.2078619748353958,"y":-0.2881547510623932,"z":0.06422316282987595,"w":0.9325513243675232},"size":475.1990966796875,"orthographic":false}