{"cameraMode":{"drawMode":0,"name":"Shaded","section":"Shading Mode"},"sceneLighting":true,"audioPlay":false,"sceneViewState":{"showFog":false,"showMaterialUpdate":false,"showSkybox":false,"showFlares":false,"showImageEffects":false,"showParticleSystems":false},"in2DMode":false,"pivot":{"x":-39.70103454589844,"y":526.8990478515625,"z":-607.9714965820313},"rotation":{"x":0.1501794457435608,"y":0.8293896317481995,"z":-0.2664174735546112,"w":0.46752697229385378},"size":0.3743340075016022,"orthographic":false}