{"cameraMode":{"drawMode":0,"name":"Shaded","section":"Shading Mode"},"sceneLighting":true,"audioPlay":false,"sceneViewState":{"showFog":false,"showMaterialUpdate":false,"showSkybox":false,"showFlares":false,"showImageEffects":false,"showParticleSystems":false},"in2DMode":false,"pivot":{"x":138.93588256835938,"y":89.3516616821289,"z":-57.08751678466797},"rotation":{"x":0.12426239997148514,"y":0.05949307233095169,"z":-0.0074641951359808449,"w":0.990436315536499},"size":154.95806884765626,"orthographic":false}