{"cameraMode":{"drawMode":0,"name":"Shaded","section":"Shading Mode"},"sceneLighting":true,"audioPlay":false,"sceneViewState":{"showFog":false,"showMaterialUpdate":false,"showSkybox":false,"showFlares":false,"showImageEffects":false,"showParticleSystems":false},"in2DMode":false,"pivot":{"x":-0.034193068742752078,"y":0.014701135456562043,"z":0.04873451590538025},"rotation":{"x":0.41726770997047427,"y":0.2808792293071747,"z":-0.13735070824623109,"w":0.8533053994178772},"size":0.44289422035217287,"orthographic":false}