{"cameraMode":{"drawMode":0,"name":"Shaded","section":"Shading Mode"},"sceneLighting":true,"audioPlay":false,"sceneViewState":{"showFog":false,"showMaterialUpdate":false,"showSkybox":false,"showFlares":false,"showImageEffects":false,"showParticleSystems":false},"in2DMode":false,"pivot":{"x":365.69537353515627,"y":52.560760498046878,"z":311.9364929199219},"rotation":{"x":0.28159236907958987,"y":-0.09194214642047882,"z":0.027117284014821054,"w":0.9547368884086609},"size":1027.4456787109375,"orthographic":false}